"index","book_title","chapter","length"
1,"Genesis",1,3914
1,"Genesis",2,2954
1,"Genesis",3,3361
1,"Genesis",4,3248
1,"Genesis",5,3006
1,"Genesis",6,2880
1,"Genesis",7,2884
1,"Genesis",8,2847
1,"Genesis",9,3201
1,"Genesis",10,2835
1,"Genesis",11,3530
1,"Genesis",12,2548
1,"Genesis",13,2224
1,"Genesis",14,3123
1,"Genesis",15,2370
1,"Genesis",16,2156
1,"Genesis",17,3608
1,"Genesis",18,4235
1,"Genesis",19,5400
1,"Genesis",20,2524
1,"Genesis",21,3771
1,"Genesis",22,3110
1,"Genesis",23,2499
1,"Genesis",24,8678
1,"Genesis",25,3679
1,"Genesis",26,4395
1,"Genesis",27,6092
1,"Genesis",28,3010
1,"Genesis",29,4112
1,"Genesis",30,5048
1,"Genesis",31,7102
1,"Genesis",32,4030
1,"Genesis",33,2521
1,"Genesis",34,3984
1,"Genesis",35,3267
1,"Genesis",36,4597
1,"Genesis",37,4848
1,"Genesis",38,4107
1,"Genesis",39,3064
1,"Genesis",40,2932
1,"Genesis",41,7070
1,"Genesis",42,5014
1,"Genesis",43,4740
1,"Genesis",44,4209
1,"Genesis",45,3662
1,"Genesis",46,3816
1,"Genesis",47,4769
1,"Genesis",48,3237
1,"Genesis",49,3851
1,"Genesis",50,3569
2,"Exodus",1,2344
2,"Exodus",2,3256
2,"Exodus",3,3845
2,"Exodus",4,4256
2,"Exodus",5,3132
2,"Exodus",6,3709
2,"Exodus",7,3467
2,"Exodus",8,4687
2,"Exodus",9,4808
2,"Exodus",10,4477
2,"Exodus",11,1663
2,"Exodus",12,7352
2,"Exodus",13,3351
2,"Exodus",14,4737
2,"Exodus",15,3541
2,"Exodus",16,5024
2,"Exodus",17,2260
2,"Exodus",18,3746
2,"Exodus",19,3486
2,"Exodus",20,2904
2,"Exodus",21,4321
2,"Exodus",22,3852
2,"Exodus",23,4443
2,"Exodus",24,2456
2,"Exodus",25,4425
2,"Exodus",26,4874
2,"Exodus",27,2870
2,"Exodus",28,6033
2,"Exodus",29,6492
2,"Exodus",30,4824
2,"Exodus",31,2301
2,"Exodus",32,5342
2,"Exodus",33,3502
2,"Exodus",34,5426
2,"Exodus",35,4142
2,"Exodus",36,4807
2,"Exodus",37,3345
2,"Exodus",38,4139
2,"Exodus",39,5358
2,"Exodus",40,4101
3,"Leviticus",1,2528
3,"Leviticus",2,2397
3,"Leviticus",3,2449
3,"Leviticus",4,5629
3,"Leviticus",5,3662
3,"Leviticus",6,4436
3,"Leviticus",7,5307
3,"Leviticus",8,5193
3,"Leviticus",9,3352
3,"Leviticus",10,3443
3,"Leviticus",11,5677
3,"Leviticus",12,1315
3,"Leviticus",13,9175
3,"Leviticus",14,8380
3,"Leviticus",15,4804
3,"Leviticus",16,5737
3,"Leviticus",17,2655
3,"Leviticus",18,3591
3,"Leviticus",19,4472
3,"Leviticus",20,4470
3,"Leviticus",21,2863
3,"Leviticus",22,4304
3,"Leviticus",23,6296
3,"Leviticus",24,2767
3,"Leviticus",25,7664
3,"Leviticus",26,6464
3,"Leviticus",27,4757
4,"Numbers",1,6340
4,"Numbers",2,3314
4,"Numbers",3,6299
4,"Numbers",4,6847
4,"Numbers",5,4842
4,"Numbers",6,3789
4,"Numbers",7,10000
4,"Numbers",8,3622
4,"Numbers",9,3657
4,"Numbers",10,4292
4,"Numbers",11,5315
4,"Numbers",12,1966
4,"Numbers",13,3773
4,"Numbers",14,6146
4,"Numbers",15,5416
4,"Numbers",16,6901
4,"Numbers",17,1697
4,"Numbers",18,5623
4,"Numbers",19,3643
4,"Numbers",20,3981
4,"Numbers",21,4609
4,"Numbers",22,5719
4,"Numbers",23,3651
4,"Numbers",24,3257
4,"Numbers",25,2295
4,"Numbers",26,7578
4,"Numbers",27,3133
4,"Numbers",28,3891
4,"Numbers",29,4982
4,"Numbers",30,2524
4,"Numbers",31,5845
4,"Numbers",32,5348
4,"Numbers",33,4984
4,"Numbers",34,3194
4,"Numbers",35,4955
4,"Numbers",36,2364
5,"Deuteronomy",1,6221
5,"Deuteronomy",2,5074
5,"Deuteronomy",3,4139
5,"Deuteronomy",4,7495
5,"Deuteronomy",5,4454
5,"Deuteronomy",6,3256
5,"Deuteronomy",7,4383
5,"Deuteronomy",8,2922
5,"Deuteronomy",9,4930
5,"Deuteronomy",10,3021
5,"Deuteronomy",11,4689
5,"Deuteronomy",12,5222
5,"Deuteronomy",13,2990
5,"Deuteronomy",14,3397
5,"Deuteronomy",15,3418
5,"Deuteronomy",16,3603
5,"Deuteronomy",17,3545
5,"Deuteronomy",18,2976
5,"Deuteronomy",19,3055
5,"Deuteronomy",20,3238
5,"Deuteronomy",21,3523
5,"Deuteronomy",22,4364
5,"Deuteronomy",23,3374
5,"Deuteronomy",24,3307
5,"Deuteronomy",25,2789
5,"Deuteronomy",26,3262
5,"Deuteronomy",27,3014
5,"Deuteronomy",28,10269
5,"Deuteronomy",29,4207
5,"Deuteronomy",30,3157
5,"Deuteronomy",31,5092
5,"Deuteronomy",32,6593
5,"Deuteronomy",33,4040
5,"Deuteronomy",34,1548
6,"Joshua",1,2860
6,"Joshua",2,3814
6,"Joshua",3,2886
6,"Joshua",4,3546
6,"Joshua",5,2753
6,"Joshua",6,4492
6,"Joshua",7,4769
6,"Joshua",8,5802
6,"Joshua",9,4082
6,"Joshua",10,6946
6,"Joshua",11,3695
6,"Joshua",12,2492
6,"Joshua",13,4550
6,"Joshua",14,2494
6,"Joshua",15,5501
6,"Joshua",16,1397
6,"Joshua",17,3491
6,"Joshua",18,4013
6,"Joshua",19,5237
6,"Joshua",20,1628
6,"Joshua",21,5659
6,"Joshua",22,6729
6,"Joshua",23,2761
6,"Joshua",24,5245
7,"Judges",1,5093
7,"Judges",2,3527
7,"Judges",3,4344
7,"Judges",4,3786
7,"Judges",5,3925
7,"Judges",6,6289
7,"Judges",7,4631
7,"Judges",8,4925
7,"Judges",9,8324
7,"Judges",10,2352
7,"Judges",11,6100
7,"Judges",12,2104
7,"Judges",13,3654
7,"Judges",14,3467
7,"Judges",15,3112
7,"Judges",16,5536
7,"Judges",17,1923
7,"Judges",18,5158
7,"Judges",19,5326
7,"Judges",20,7110
7,"Judges",21,3794
8,"Ruth",1,3141
8,"Ruth",2,3810
8,"Ruth",3,2475
8,"Ruth",4,3258
9,"1 Samuel",1,3875
9,"1 Samuel",2,5464
9,"1 Samuel",3,2651
9,"1 Samuel",4,3625
9,"1 Samuel",5,2054
9,"1 Samuel",6,3735
9,"1 Samuel",7,2618
9,"1 Samuel",8,2745
9,"1 Samuel",9,4709
9,"1 Samuel",10,4278
9,"1 Samuel",11,2494
9,"1 Samuel",12,3904
9,"1 Samuel",13,3618
9,"1 Samuel",14,8080
9,"1 Samuel",15,4931
9,"1 Samuel",16,3444
9,"1 Samuel",17,8575
9,"1 Samuel",18,4239
9,"1 Samuel",19,3639
9,"1 Samuel",20,6312
9,"1 Samuel",21,2438
9,"1 Samuel",22,3891
9,"1 Samuel",23,4202
9,"1 Samuel",24,3299
9,"1 Samuel",25,7013
9,"1 Samuel",26,4300
9,"1 Samuel",27,1999
9,"1 Samuel",28,4073
9,"1 Samuel",29,2247
9,"1 Samuel",30,4766
9,"1 Samuel",31,1840
10,"2 Samuel",1,3476
10,"2 Samuel",2,4668
10,"2 Samuel",3,5787
10,"2 Samuel",4,2152
10,"2 Samuel",5,3251
10,"2 Samuel",6,3581
10,"2 Samuel",7,4272
10,"2 Samuel",8,2333
10,"2 Samuel",9,2036
10,"2 Samuel",10,3096
10,"2 Samuel",11,4022
10,"2 Samuel",12,4943
10,"2 Samuel",13,5820
10,"2 Samuel",14,5501
10,"2 Samuel",15,5552
10,"2 Samuel",16,3643
10,"2 Samuel",17,4690
10,"2 Samuel",18,5633
10,"2 Samuel",19,7207
10,"2 Samuel",20,4299
10,"2 Samuel",21,4019
10,"2 Samuel",22,4618
10,"2 Samuel",23,4543
10,"2 Samuel",24,4362
11,"1 Kings",1,7649
11,"1 Kings",2,7411
11,"1 Kings",3,4335
11,"1 Kings",4,3531
11,"1 Kings",5,2625
11,"1 Kings",6,5194
11,"1 Kings",7,7278
11,"1 Kings",8,10859
11,"1 Kings",9,4174
11,"1 Kings",10,4190
11,"1 Kings",11,6456
11,"1 Kings",12,5210
11,"1 Kings",13,5379
11,"1 Kings",14,4962
11,"1 Kings",15,4824
11,"1 Kings",16,5046
11,"1 Kings",17,3280
11,"1 Kings",18,6769
11,"1 Kings",19,3600
11,"1 Kings",20,7139
11,"1 Kings",21,4489
11,"1 Kings",22,7469
12,"2 Kings",1,3194
12,"2 Kings",2,4060
12,"2 Kings",3,4192
12,"2 Kings",4,6270
12,"2 Kings",5,4752
12,"2 Kings",6,4982
12,"2 Kings",7,4128
12,"2 Kings",8,4775
12,"2 Kings",9,5833
12,"2 Kings",10,6012
12,"2 Kings",11,3648
12,"2 Kings",12,3562
12,"2 Kings",13,3911
12,"2 Kings",14,4363
12,"2 Kings",15,5391
12,"2 Kings",16,3408
12,"2 Kings",17,6527
12,"2 Kings",18,6032
12,"2 Kings",19,5680
12,"2 Kings",20,3272
12,"2 Kings",21,3727
12,"2 Kings",22,3468
12,"2 Kings",23,7349
12,"2 Kings",24,3039
12,"2 Kings",25,4891
13,"1 Chronicles",1,3638
13,"1 Chronicles",2,4846
13,"1 Chronicles",3,1971
13,"1 Chronicles",4,4465
13,"1 Chronicles",5,3365
13,"1 Chronicles",6,7418
13,"1 Chronicles",7,4111
13,"1 Chronicles",8,2734
13,"1 Chronicles",9,5233
13,"1 Chronicles",10,1897
13,"1 Chronicles",11,5137
13,"1 Chronicles",12,4949
13,"1 Chronicles",13,1907
13,"1 Chronicles",14,1882
13,"1 Chronicles",15,3683
13,"1 Chronicles",16,4400
13,"1 Chronicles",17,3877
13,"1 Chronicles",18,2216
13,"1 Chronicles",19,3192
13,"1 Chronicles",20,1440
13,"1 Chronicles",21,4566
13,"1 Chronicles",22,3081
13,"1 Chronicles",23,3430
13,"1 Chronicles",24,2987
13,"1 Chronicles",25,2884
13,"1 Chronicles",26,3980
13,"1 Chronicles",27,4175
13,"1 Chronicles",28,4128
13,"1 Chronicles",29,4895
14,"2 Chronicles",1,2594
14,"2 Chronicles",2,3005
14,"2 Chronicles",3,2328
14,"2 Chronicles",4,2770
14,"2 Chronicles",5,2487
14,"2 Chronicles",6,7060
14,"2 Chronicles",7,3739
14,"2 Chronicles",8,2713
14,"2 Chronicles",9,4514
14,"2 Chronicles",10,2810
14,"2 Chronicles",11,2517
14,"2 Chronicles",12,2580
14,"2 Chronicles",13,3260
14,"2 Chronicles",14,2299
14,"2 Chronicles",15,2521
14,"2 Chronicles",16,2328
14,"2 Chronicles",17,2242
14,"2 Chronicles",18,5068
14,"2 Chronicles",19,1889
14,"2 Chronicles",20,5904
14,"2 Chronicles",21,3140
14,"2 Chronicles",22,2327
14,"2 Chronicles",23,3959
14,"2 Chronicles",24,4686
14,"2 Chronicles",25,4713
14,"2 Chronicles",26,3665
14,"2 Chronicles",27,1243
14,"2 Chronicles",28,4591
14,"2 Chronicles",29,6008
14,"2 Chronicles",30,4685
14,"2 Chronicles",31,4025
14,"2 Chronicles",32,5505
14,"2 Chronicles",33,3907
14,"2 Chronicles",34,6142
14,"2 Chronicles",35,4914
14,"2 Chronicles",36,3839
15,"Ezra",1,1832
15,"Ezra",2,4130
15,"Ezra",3,2818
15,"Ezra",4,4014
15,"Ezra",5,3034
15,"Ezra",6,3949
15,"Ezra",7,4251
15,"Ezra",8,4747
15,"Ezra",9,3196
15,"Ezra",10,4845
16,"Nehemiah",1,1987
16,"Nehemiah",2,3379
16,"Nehemiah",3,4854
16,"Nehemiah",4,3369
16,"Nehemiah",5,3337
16,"Nehemiah",6,3003
16,"Nehemiah",7,4974
16,"Nehemiah",8,3479
16,"Nehemiah",9,7109
16,"Nehemiah",10,3566
16,"Nehemiah",11,3963
16,"Nehemiah",12,5276
16,"Nehemiah",13,5042
17,"Esther",1,3711
17,"Esther",2,4159
17,"Esther",3,2910
17,"Esther",4,2547
17,"Esther",5,2389
17,"Esther",6,2409
17,"Esther",7,1755
17,"Esther",8,3333
17,"Esther",9,5192
17,"Esther",10,513
18,"Job",1,3100
18,"Job",2,1939
18,"Job",3,2042
18,"Job",4,1755
18,"Job",5,2235
18,"Job",6,2374
18,"Job",7,1813
18,"Job",8,1714
18,"Job",9,2666
18,"Job",10,1896
18,"Job",11,1608
18,"Job",12,2016
18,"Job",13,2004
18,"Job",14,1874
18,"Job",15,2863
18,"Job",16,1749
18,"Job",17,1268
18,"Job",18,1568
18,"Job",19,2248
18,"Job",20,2425
18,"Job",21,2682
18,"Job",22,2398
18,"Job",23,1342
18,"Job",24,2392
18,"Job",25,397
18,"Job",26,1064
18,"Job",27,1857
18,"Job",28,2181
18,"Job",29,1912
18,"Job",30,2585
18,"Job",31,3325
18,"Job",32,1855
18,"Job",33,2593
18,"Job",34,3012
18,"Job",35,1335
18,"Job",36,2676
18,"Job",37,2033
18,"Job",38,3159
18,"Job",39,2493
18,"Job",40,1784
18,"Job",41,2524
18,"Job",42,2100
19,"Psalms",1,640
19,"Psalms",2,1070
19,"Psalms",3,668
19,"Psalms",4,765
19,"Psalms",5,1238
19,"Psalms",6,799
19,"Psalms",7,1599
19,"Psalms",8,834
19,"Psalms",9,1852
19,"Psalms",10,1825
19,"Psalms",11,672
19,"Psalms",12,794
19,"Psalms",13,548
19,"Psalms",14,766
19,"Psalms",15,524
19,"Psalms",16,1020
19,"Psalms",17,1497
19,"Psalms",18,4487
19,"Psalms",19,1458
19,"Psalms",20,806
19,"Psalms",21,1200
19,"Psalms",22,2790
19,"Psalms",23,577
19,"Psalms",24,875
19,"Psalms",25,1725
19,"Psalms",26,915
19,"Psalms",27,1632
19,"Psalms",28,1045
19,"Psalms",29,893
19,"Psalms",30,1092
19,"Psalms",31,2527
19,"Psalms",32,1266
19,"Psalms",33,1746
19,"Psalms",34,1710
19,"Psalms",35,2818
19,"Psalms",36,1157
19,"Psalms",37,3518
19,"Psalms",38,1742
19,"Psalms",39,1347
19,"Psalms",40,2050
19,"Psalms",41,1221
19,"Psalms",42,1379
19,"Psalms",43,621
19,"Psalms",44,2288
19,"Psalms",45,1763
19,"Psalms",46,999
19,"Psalms",47,696
19,"Psalms",48,1127
19,"Psalms",49,1772
19,"Psalms",50,1989
19,"Psalms",51,1694
19,"Psalms",52,884
19,"Psalms",53,792
19,"Psalms",54,558
19,"Psalms",55,2222
19,"Psalms",56,1098
19,"Psalms",57,1147
19,"Psalms",58,1051
19,"Psalms",59,1763
19,"Psalms",60,1070
19,"Psalms",61,653
19,"Psalms",62,1131
19,"Psalms",63,950
19,"Psalms",64,967
19,"Psalms",65,1338
19,"Psalms",66,1631
19,"Psalms",67,537
19,"Psalms",68,3634
19,"Psalms",69,3277
19,"Psalms",70,473
19,"Psalms",71,2316
19,"Psalms",72,1883
19,"Psalms",73,2145
19,"Psalms",74,2203
19,"Psalms",75,898
19,"Psalms",76,964
19,"Psalms",77,1660
19,"Psalms",78,6422
19,"Psalms",79,1487
19,"Psalms",80,1669
19,"Psalms",81,1396
19,"Psalms",82,630
19,"Psalms",83,1413
19,"Psalms",84,1154
19,"Psalms",85,1051
19,"Psalms",86,1550
19,"Psalms",87,612
19,"Psalms",88,1588
19,"Psalms",89,4446
19,"Psalms",90,1604
19,"Psalms",91,1416
19,"Psalms",92,1295
19,"Psalms",93,528
19,"Psalms",94,1839
19,"Psalms",95,951
19,"Psalms",96,1179
19,"Psalms",97,1049
19,"Psalms",98,892
19,"Psalms",99,836
19,"Psalms",100,431
19,"Psalms",101,900
19,"Psalms",102,2341
19,"Psalms",103,1840
19,"Psalms",104,3061
19,"Psalms",105,3346
19,"Psalms",106,4118
19,"Psalms",107,3632
19,"Psalms",108,1080
19,"Psalms",109,2717
19,"Psalms",110,727
19,"Psalms",111,918
19,"Psalms",112,897
19,"Psalms",113,647
19,"Psalms",114,500
19,"Psalms",115,1386
19,"Psalms",116,1404
19,"Psalms",117,153
19,"Psalms",118,2310
19,"Psalms",119,12823
19,"Psalms",120,464
19,"Psalms",121,531
19,"Psalms",122,666
19,"Psalms",123,439
19,"Psalms",124,594
19,"Psalms",125,550
19,"Psalms",126,533
19,"Psalms",127,541
19,"Psalms",128,497
19,"Psalms",129,619
19,"Psalms",130,584
19,"Psalms",131,319
19,"Psalms",132,1422
19,"Psalms",133,334
19,"Psalms",134,212
19,"Psalms",135,1637
19,"Psalms",136,1964
19,"Psalms",137,814
19,"Psalms",138,896
19,"Psalms",139,2030
19,"Psalms",140,1212
19,"Psalms",141,1017
19,"Psalms",142,729
19,"Psalms",143,1221
19,"Psalms",144,1454
19,"Psalms",145,1686
19,"Psalms",146,863
19,"Psalms",147,1531
19,"Psalms",148,1028
19,"Psalms",149,747
19,"Psalms",150,433
20,"Proverbs",1,2672
20,"Proverbs",2,1635
20,"Proverbs",3,2685
20,"Proverbs",4,2164
20,"Proverbs",5,1803
20,"Proverbs",6,2871
20,"Proverbs",7,2084
20,"Proverbs",8,2871
20,"Proverbs",9,1457
20,"Proverbs",10,2735
20,"Proverbs",11,2863
20,"Proverbs",12,2436
20,"Proverbs",13,2186
20,"Proverbs",14,2886
20,"Proverbs",15,2680
20,"Proverbs",16,2766
20,"Proverbs",17,2421
20,"Proverbs",18,1947
20,"Proverbs",19,2523
20,"Proverbs",20,2451
20,"Proverbs",21,2599
20,"Proverbs",22,2398
20,"Proverbs",23,2800
20,"Proverbs",24,2908
20,"Proverbs",25,2574
20,"Proverbs",26,2330
20,"Proverbs",27,2340
20,"Proverbs",28,2629
20,"Proverbs",29,2272
20,"Proverbs",30,3170
20,"Proverbs",31,2342
21,"Ecclesiastes",1,1980
21,"Ecclesiastes",2,3483
21,"Ecclesiastes",3,2426
21,"Ecclesiastes",4,1986
21,"Ecclesiastes",5,2640
21,"Ecclesiastes",6,1511
21,"Ecclesiastes",7,3133
21,"Ecclesiastes",8,2472
21,"Ecclesiastes",9,2670
21,"Ecclesiastes",10,1996
21,"Ecclesiastes",11,1391
21,"Ecclesiastes",12,1834
22,"Song of Solomon",1,1710
22,"Song of Solomon",2,1851
22,"Song of Solomon",3,1474
22,"Song of Solomon",4,2108
22,"Song of Solomon",5,2029
22,"Song of Solomon",6,1573
22,"Song of Solomon",7,1541
22,"Song of Solomon",8,1809
23,"Isaiah",1,3961
23,"Isaiah",2,2907
23,"Isaiah",3,2907
23,"Isaiah",4,956
23,"Isaiah",5,4436
23,"Isaiah",6,1805
23,"Isaiah",7,3382
23,"Isaiah",8,2931
23,"Isaiah",9,3183
23,"Isaiah",10,4618
23,"Isaiah",11,2514
23,"Isaiah",12,713
23,"Isaiah",13,2857
23,"Isaiah",14,4357
23,"Isaiah",15,1302
23,"Isaiah",16,2169
23,"Isaiah",17,2169
23,"Isaiah",18,1302
23,"Isaiah",19,3677
23,"Isaiah",20,887
23,"Isaiah",21,2149
23,"Isaiah",22,3333
23,"Isaiah",23,2365
23,"Isaiah",24,2764
23,"Isaiah",25,1804
23,"Isaiah",26,2706
23,"Isaiah",27,1967
23,"Isaiah",28,4031
23,"Isaiah",29,3841
23,"Isaiah",30,5158
23,"Isaiah",31,1564
23,"Isaiah",32,2289
23,"Isaiah",33,3097
23,"Isaiah",34,2564
23,"Isaiah",35,1418
23,"Isaiah",36,3392
23,"Isaiah",37,5644
23,"Isaiah",38,2774
23,"Isaiah",39,1362
23,"Isaiah",40,4126
23,"Isaiah",41,4227
23,"Isaiah",42,3465
23,"Isaiah",43,3737
23,"Isaiah",44,4712
23,"Isaiah",45,3940
23,"Isaiah",46,1802
23,"Isaiah",47,2332
23,"Isaiah",48,3065
23,"Isaiah",49,4285
23,"Isaiah",50,1781
23,"Isaiah",51,3731
23,"Isaiah",52,2163
23,"Isaiah",53,2085
23,"Isaiah",54,2594
23,"Isaiah",55,1957
23,"Isaiah",56,1813
23,"Isaiah",57,2978
23,"Isaiah",58,2627
23,"Isaiah",59,3201
23,"Isaiah",60,3449
23,"Isaiah",61,2036
23,"Isaiah",62,1840
23,"Isaiah",63,2837
23,"Isaiah",64,1607
23,"Isaiah",65,3966
23,"Isaiah",66,4118
24,"Jeremiah",1,2575
24,"Jeremiah",2,5341
24,"Jeremiah",3,4137
24,"Jeremiah",4,4461
24,"Jeremiah",5,4474
24,"Jeremiah",6,4300
24,"Jeremiah",7,4941
24,"Jeremiah",8,3566
24,"Jeremiah",9,3993
24,"Jeremiah",10,3391
24,"Jeremiah",11,3714
24,"Jeremiah",12,2839
24,"Jeremiah",13,3842
24,"Jeremiah",14,3718
24,"Jeremiah",15,3548
24,"Jeremiah",16,3566
24,"Jeremiah",17,4248
24,"Jeremiah",18,3309
24,"Jeremiah",19,2823
24,"Jeremiah",20,3044
24,"Jeremiah",21,2563
24,"Jeremiah",22,4462
24,"Jeremiah",23,6383
24,"Jeremiah",24,1712
24,"Jeremiah",25,5746
24,"Jeremiah",26,4007
24,"Jeremiah",27,3811
24,"Jeremiah",28,2816
24,"Jeremiah",29,5054
24,"Jeremiah",30,3622
24,"Jeremiah",31,6492
24,"Jeremiah",32,7192
24,"Jeremiah",33,4343
24,"Jeremiah",34,4299
24,"Jeremiah",35,3372
24,"Jeremiah",36,5422
24,"Jeremiah",37,3316
24,"Jeremiah",38,5011
24,"Jeremiah",39,2922
24,"Jeremiah",40,3539
24,"Jeremiah",41,3400
24,"Jeremiah",42,3675
24,"Jeremiah",43,2326
24,"Jeremiah",44,6416
24,"Jeremiah",45,805
24,"Jeremiah",46,4496
24,"Jeremiah",47,1156
24,"Jeremiah",48,6300
24,"Jeremiah",49,6382
24,"Jeremiah",50,7991
24,"Jeremiah",51,9664
24,"Jeremiah",52,5287
25,"Lamentations",1,4162
25,"Lamentations",2,4541
25,"Lamentations",3,4361
25,"Lamentations",4,3073
25,"Lamentations",5,1537
26,"Ezekiel",1,4175
26,"Ezekiel",2,1280
26,"Ezekiel",3,3845
26,"Ezekiel",4,2469
26,"Ezekiel",5,2979
26,"Ezekiel",6,2383
26,"Ezekiel",7,3878
26,"Ezekiel",8,3250
26,"Ezekiel",9,1979
26,"Ezekiel",10,3240
26,"Ezekiel",11,3419
26,"Ezekiel",12,3910
26,"Ezekiel",13,3733
26,"Ezekiel",14,3920
26,"Ezekiel",15,1030
26,"Ezekiel",16,9383
26,"Ezekiel",17,3737
26,"Ezekiel",18,4807
26,"Ezekiel",19,1791
26,"Ezekiel",20,8013
26,"Ezekiel",21,4633
26,"Ezekiel",22,4352
26,"Ezekiel",23,6977
26,"Ezekiel",24,3628
26,"Ezekiel",25,2671
26,"Ezekiel",26,3443
26,"Ezekiel",27,4655
26,"Ezekiel",28,3978
26,"Ezekiel",29,3450
26,"Ezekiel",30,3556
26,"Ezekiel",31,3199
26,"Ezekiel",32,5322
26,"Ezekiel",33,5479
26,"Ezekiel",34,4763
26,"Ezekiel",35,2058
26,"Ezekiel",36,6014
26,"Ezekiel",37,4315
26,"Ezekiel",38,3887
26,"Ezekiel",39,4618
26,"Ezekiel",40,7416
26,"Ezekiel",41,4072
26,"Ezekiel",42,3002
26,"Ezekiel",43,4346
26,"Ezekiel",44,5285
26,"Ezekiel",45,4299
26,"Ezekiel",46,4318
26,"Ezekiel",47,3900
26,"Ezekiel",48,5026
27,"Daniel",1,3295
27,"Daniel",2,8103
27,"Daniel",3,5654
27,"Daniel",4,6904
27,"Daniel",5,5523
27,"Daniel",6,5015
27,"Daniel",7,5013
27,"Daniel",8,4432
27,"Daniel",9,5198
27,"Daniel",10,3363
27,"Daniel",11,7935
27,"Daniel",12,2026
28,"Hosea",1,1687
28,"Hosea",2,3367
28,"Hosea",3,745
28,"Hosea",4,2498
28,"Hosea",5,1866
28,"Hosea",6,1283
28,"Hosea",7,2070
28,"Hosea",8,1743
28,"Hosea",9,2528
28,"Hosea",10,2258
28,"Hosea",11,1549
28,"Hosea",12,1573
28,"Hosea",13,2112
28,"Hosea",14,1183
29,"Joel",1,2562
29,"Joel",2,4813
29,"Joel",3,2799
30,"Amos",1,2334
30,"Amos",2,2276
30,"Amos",3,2010
30,"Amos",4,2212
30,"Amos",5,3387
30,"Amos",6,2029
30,"Amos",7,2335
30,"Amos",8,2059
30,"Amos",9,2682
31,"Obadiah",1,3272
32,"Jonah",1,2460
32,"Jonah",2,1062
32,"Jonah",3,1332
32,"Jonah",4,1634
33,"Micah",1,2349
33,"Micah",2,1953
33,"Micah",3,1769
33,"Micah",4,2318
33,"Micah",5,2136
33,"Micah",6,2250
33,"Micah",7,2924
34,"Nahum",1,2005
34,"Nahum",2,1833
34,"Nahum",3,2654
35,"Habakkuk",1,2245
35,"Habakkuk",2,2870
35,"Habakkuk",3,2464
36,"Zephaniah",1,2765
36,"Zephaniah",2,2454
36,"Zephaniah",3,3031
37,"Haggai",1,2272
37,"Haggai",2,3349
38,"Zechariah",1,3177
38,"Zechariah",2,1566
38,"Zechariah",3,1553
38,"Zechariah",4,1779
38,"Zechariah",5,1610
38,"Zechariah",6,2029
38,"Zechariah",7,1856
38,"Zechariah",8,3417
38,"Zechariah",9,2661
38,"Zechariah",10,2044
38,"Zechariah",11,2516
38,"Zechariah",12,2483
38,"Zechariah",13,1636
38,"Zechariah",14,3616
39,"Malachi",1,2546
39,"Malachi",2,2904
39,"Malachi",3,2834
39,"Malachi",4,933
40,"Matthew",1,2841
40,"Matthew",2,3102
40,"Matthew",3,2097
40,"Matthew",4,2863
40,"Matthew",5,5358
40,"Matthew",6,4098
40,"Matthew",7,3090
40,"Matthew",8,3834
40,"Matthew",9,4284
40,"Matthew",10,4590
40,"Matthew",11,3382
40,"Matthew",12,5837
40,"Matthew",13,7008
40,"Matthew",14,3644
40,"Matthew",15,4139
40,"Matthew",16,3409
40,"Matthew",17,3220
40,"Matthew",18,4311
40,"Matthew",19,3656
40,"Matthew",20,3638
40,"Matthew",21,5846
40,"Matthew",22,4361
40,"Matthew",23,4575
40,"Matthew",24,5394
40,"Matthew",25,5198
40,"Matthew",26,8311
40,"Matthew",27,7236
40,"Matthew",28,2168
41,"Mark",1,4834
41,"Mark",2,3639
41,"Mark",3,3506
41,"Mark",4,4610
41,"Mark",5,4839
41,"Mark",6,6551
41,"Mark",7,4225
41,"Mark",8,4317
41,"Mark",9,5778
41,"Mark",10,5984
41,"Mark",11,3858
41,"Mark",12,5357
41,"Mark",13,4163
41,"Mark",14,8109
41,"Mark",15,4872
41,"Mark",16,2618
42,"Luke",1,8079
42,"Luke",2,5721
42,"Luke",3,4490
42,"Luke",4,5109
42,"Luke",5,4962
42,"Luke",6,6042
42,"Luke",7,6046
42,"Luke",8,7416
42,"Luke",9,7547
42,"Luke",10,4974
42,"Luke",11,6600
42,"Luke",12,7122
42,"Luke",13,4449
42,"Luke",14,4294
42,"Luke",15,3809
42,"Luke",16,4133
42,"Luke",17,4015
42,"Luke",18,4605
42,"Luke",19,5145
42,"Luke",20,4964
42,"Luke",21,4162
42,"Luke",22,7300
42,"Luke",23,5896
42,"Luke",24,5434
43,"John",1,5125
43,"John",2,2656
43,"John",3,3921
43,"John",4,5697
43,"John",5,5285
43,"John",6,7571
43,"John",7,5385
43,"John",8,6504
43,"John",9,4335
43,"John",10,4129
43,"John",11,5967
43,"John",12,5678
43,"John",13,4278
43,"John",14,3455
43,"John",15,2964
43,"John",16,4025
43,"John",17,3059
43,"John",18,4984
43,"John",19,5394
43,"John",20,3932
43,"John",21,3700
44,"Acts",1,3525
44,"Acts",2,5469
44,"Acts",3,3314
44,"Acts",4,4665
44,"Acts",5,5501
44,"Acts",6,2018
44,"Acts",7,7635
44,"Acts",8,4778
44,"Acts",9,5277
44,"Acts",10,5710
44,"Acts",11,3548
44,"Acts",12,3496
44,"Acts",13,6643
44,"Acts",14,3412
44,"Acts",15,5014
44,"Acts",16,5257
44,"Acts",17,4662
44,"Acts",18,3594
44,"Acts",19,5419
44,"Acts",20,4638
44,"Acts",21,5527
44,"Acts",22,3961
44,"Acts",23,4712
44,"Acts",24,3554
44,"Acts",25,3983
44,"Acts",26,4335
44,"Acts",27,5797
44,"Acts",28,4511
45,"Romans",1,3950
45,"Romans",2,3338
45,"Romans",3,3061
45,"Romans",4,3036
45,"Romans",5,2806
45,"Romans",6,2708
45,"Romans",7,3238
45,"Romans",8,4754
45,"Romans",9,3766
45,"Romans",10,2416
45,"Romans",11,4222
45,"Romans",12,2204
45,"Romans",13,1908
45,"Romans",14,2686
45,"Romans",15,3876
45,"Romans",16,2818
46,"1 Corinthians",1,3308
46,"1 Corinthians",2,1945
46,"1 Corinthians",3,2411
46,"1 Corinthians",4,2686
46,"1 Corinthians",5,1693
46,"1 Corinthians",6,2422
46,"1 Corinthians",7,5124
46,"1 Corinthians",8,1562
46,"1 Corinthians",9,3312
46,"1 Corinthians",10,3270
46,"1 Corinthians",11,3671
46,"1 Corinthians",12,3332
46,"1 Corinthians",13,1389
46,"1 Corinthians",14,4552
46,"1 Corinthians",15,5879
46,"1 Corinthians",16,2208
47,"2 Corinthians",1,3094
47,"2 Corinthians",2,1997
47,"2 Corinthians",3,1983
47,"2 Corinthians",4,2197
47,"2 Corinthians",5,2555
47,"2 Corinthians",6,1925
47,"2 Corinthians",7,2421
47,"2 Corinthians",8,3002
47,"2 Corinthians",9,1983
47,"2 Corinthians",10,2327
47,"2 Corinthians",11,3854
47,"2 Corinthians",12,3230
47,"2 Corinthians",13,1715
48,"Galatians",1,2504
48,"Galatians",2,3051
48,"Galatians",3,3425
48,"Galatians",4,3218
48,"Galatians",5,2533
48,"Galatians",6,1903
49,"Ephesians",1,2691
49,"Ephesians",2,2484
49,"Ephesians",3,2188
49,"Ephesians",4,3506
49,"Ephesians",5,3066
49,"Ephesians",6,2651
50,"Philippians",1,3392
50,"Philippians",2,3300
50,"Philippians",3,2613
50,"Philippians",4,2572
51,"Colossians",1,3598
51,"Colossians",2,3044
51,"Colossians",3,2654
51,"Colossians",4,2189
52,"1 Thessalonians",1,1270
52,"1 Thessalonians",2,2557
52,"1 Thessalonians",3,1598
52,"1 Thessalonians",4,2118
52,"1 Thessalonians",5,2257
53,"2 Thessalonians",1,1601
53,"2 Thessalonians",2,2091
53,"2 Thessalonians",3,2004
54,"1 Timothy",1,2528
54,"1 Timothy",2,1432
54,"1 Timothy",3,1853
54,"1 Timothy",4,1926
54,"1 Timothy",5,2983
54,"1 Timothy",6,2814
55,"2 Timothy",1,2120
55,"2 Timothy",2,2890
55,"2 Timothy",3,1778
55,"2 Timothy",4,2280
56,"Titus",1,1951
56,"Titus",2,1505
56,"Titus",3,1659
57,"Philemon",1,2385
58,"Hebrews",1,1725
58,"Hebrews",2,2520
58,"Hebrews",3,1931
58,"Hebrews",4,2082
58,"Hebrews",5,1640
58,"Hebrews",6,2366
58,"Hebrews",7,3525
58,"Hebrews",8,2005
58,"Hebrews",9,3947
58,"Hebrews",10,4278
58,"Hebrews",11,5100
58,"Hebrews",12,3787
58,"Hebrews",13,2735
59,"James",1,3007
59,"James",2,2835
59,"James",3,2069
59,"James",4,1994
59,"James",5,2587
60,"1 Peter",1,3312
60,"1 Peter",2,3157
60,"1 Peter",3,2970
60,"1 Peter",4,2525
60,"1 Peter",5,1680
61,"2 Peter",1,2809
61,"2 Peter",2,3263
61,"2 Peter",3,2560
62,"1 John",1,1210
62,"1 John",2,3810
62,"1 John",3,2737
62,"1 John",4,2387
62,"1 John",5,2447
63,"2 John",1,1572
64,"3 John",1,1630
65,"Jude",1,3615
66,"Revelation",1,2871
66,"Revelation",2,4078
66,"Revelation",3,3207
66,"Revelation",4,1878
66,"Revelation",5,2060
66,"Revelation",6,2676
66,"Revelation",7,2588
66,"Revelation",8,1983
66,"Revelation",9,2899
66,"Revelation",10,1687
66,"Revelation",11,3061
66,"Revelation",12,2639
66,"Revelation",13,2810
66,"Revelation",14,3372
66,"Revelation",15,1304
66,"Revelation",16,2925
66,"Revelation",17,2691
66,"Revelation",18,4005
66,"Revelation",19,3242
66,"Revelation",20,2505
66,"Revelation",21,3687
66,"Revelation",22,2862
